<?xml version="1.0" encoding="UTF-8" standalone="yes"?>
<addon id="script.streamtvsupertuga.metadata" version="0.3" name="Stream TVsupertuga Metadata" provider-name="Team TVsupertuga">
	<requires>
		<import addon="xbmc.python" version="2.19.0"/>
	</requires>
	<extension point="xbmc.python.module" library="lib" />
	<extension point="xbmc.addon.metadata">
		<summary>Metadata for the Stream TVsupertuga Addon</summary>
		<description>Metadata for Stream TVsupertuga are maintained separately to make distribution of the the addon itself easier/faster.</description>
		<platform>all</platform>
	</extension>
</addon>
