<?xml version="1.0" encoding="UTF-8" standalone="yes"?>
<addon id="plugin.program.tvsupertugamanutencao"
       name="TVsupertuga Manutencao"
       version="0.0.5"
       provider-name="team tvsupertuga">
  <requires>
    <import addon="xbmc.python" version="2.1.0"/>
  </requires>
  <extension point="xbmc.python.pluginsource"
            library="default.py">
        <provides>executable</provides>
  </extension>
  <extension point="xbmc.addon.metadata">
    <summary lang="pt">Kodi Manutenção</summary>
    <summary lang="en">Kodi Maintenance</summary>
    <language>pt</language>
    <description lang="pt">Sua ferramenta para limpar seu dispositivo.</description>
    <description lang="en">Your tool to clean your device.</description>
     <platform>all</platform>
  </extension>
</addon>
