<?xml version="1.0" encoding="UTF-8" standalone="yes"?>
<addon id="script.streamtvsupertuga.artwork" version="0.4" name="Stream TVsupertuga Artwork" provider-name="Team TVsupertuga">
	<requires>
		<import addon="xbmc.python" version="2.19.0"/>
	</requires>
	<extension point="xbmc.python.module" library="lib" />
	<extension point="xbmc.addon.metadata">
		<summary>Themes for the Stream TVsupertuga Addon</summary>
		<description>Themes for Stream TVsupertuga are maintained separately to make distribution of the the addon itself easier/faster.</description>
		<platform>all</platform>
	</extension>
</addon>
