<addon id="script.vodextende" version="1.0" name="vod extende" provider-name="Team TVsupertuga">
    <requires>        
		<import addon="xbmc.python" version="2.19.0"/>
        <import addon="script.module.pyxbmct" version="1.1.4"/>
        <import addon="script.module.urlresolver" version="3.0.0"/>
		<import addon="script.module.metahandler" version="1.0.0" />
		<import addon="script.module.futures"/>
        <import addon="script.module.myconnpy" version="1.1.6" />
        <import addon="script.module.vodextende"/>
		<import addon="script.module.requests" />
        <import addon="script.module.six"/>
        <import addon="script.module.dateutil"/>
        <import addon="script.module.vod.tvsupertuga.addon"/>			
    </requires>
    <extension point="xbmc.python.pluginsource" library="default.py">
        <provides>all</provides>
    </extension>
     <extension point="xbmc.service" library="service.py" start="startup"/>
    <extension point="xbmc.addon.metadata">
    <summary lang="en">Extensao TVsupertuga</summary>
    <description lang="en">extensao vod tvsupertuga addon</description>
    <summary lang="pt">Extensao TVsupertuga</summary>
    <description lang="pt">extensao vod tvsupertuga addon</description>
    <platform>all</platform>
    <genre>movies,tv,trailers</genre>
    <video_guide>3nlzITuJizg</video_guide>
    <video_preview>OIp3Ry7qml8</video_preview>
    <license>GNU GENERAL PUBLIC LICENSE Version 2, June 1991</license>
    <forum>http://forumtvsupertuga.pe.hu/</forum>
    <source>http://repo.tvsupertuga.xyz/</source>
    <email>tvsupertuga@gmail.com</email>
  </extension>
</addon>

