<?xml version="1.0" encoding="UTF-8" standalone="yes"?>
<addon id="plugin.program.addonsfix" name="[COLOR cyan]TV[/COLOR]-[COLOR red]supertuga[/COLOR] [COLOR White]Addons[/COLOR] [COLOR cyan]FIX[/COLOR]" version="0.1" provider-name="TVsupertuga">
  <requires>
    <import addon="xbmc.python" version="2.1.0"/>
  </requires>
  <extension point="xbmc.python.pluginsource" library="default.py">
        <provides>executable</provides>
  </extension>
  <extension point="xbmc.addon.metadata">
		<summary lang="pt">TVsupertuga instalação para versão alterada do kodi 16! </summary>
		<description lang="pt">[COLOR cyan]TVsupertuga instalação para versão alterada do kodi 16![/COLOR] </description>
		<platform>all</platform>
        <facebookgrupo>https://www.facebook.com/TVsupertuga.PT/</facebookgrupo>
        <email>tvsupertuga@gmail.com</email>		
		<forum>http://forumtvsupertuga.pe.hu/</forum>
		<website>https://www.facebook.com/TVsupertuga.PT/</website>
  </extension>
</addon>
